gruppo	count	mean	sd
mild	14	52.9285714285714	9.06781532262732
recovered	9	37.4444444444444	11.9280248900553
severe	13	67.8461538461538	14.6335582016482
