p-value	categories	group1	group2
0.55199812298004	basofili	mild	severe
0.961267371499448	creatinina	mild	severe
0.00124884819511119	D_Dimero	mild	severe
0.961058637726955	eosinofili	mild	severe
0.0278229510427653	ferritina	mild	severe
0.00037218354788432	IL6	mild	severe
0.0415186968150595	linfociti	mild	severe
0.336837508732683	monociti	mild	severe
0.000527661865661596	neutrofili	mild	severe
1.66732494057867e-05	PCR_arruolamento	mild	severe
0.000360792492589362	PCR_giorno_esame	mild	severe
